framework_key,requirement_key,implementation_title,implementation_steps,validation_method,owner_role,common_gap
omb-m-26-14,m26-14.inventory-visibility,Establish a governed system inventory,"1. Define the system boundary and include IT, OT, and IoT assets. 2. Choose a system of record such as CMDB, HWAM, or SWAM. 3. Normalize asset identifiers and ownership. 4. Reconcile inventory daily. 5. Record the numerator and denominator used for the maturity percentage.","Run a daily reconciliation search and retain the result as evidence. Review exceptions for unknown owner, stale last-seen time, and duplicate identity.",Asset or configuration manager,Unowned assets and inventory sources that cannot be reconciled
omb-m-26-14,m26-14.collection-coverage,Prove logging coverage per asset,1. Map each in-scope asset to required log categories. 2. Map categories to Splunk indexes and CIM data models. 3. Test event freshness and field completeness. 4. Test searchability in the hot tier and retrieval from the archive tier. 5. Report uncovered assets with an owner and due date.,"Use representative searches for identity, network, object, privilege, infrastructure, and security-tooling events. Store the search window, result count, and source identifier.",Security operations or data platform owner,Counting an index as covered without proving asset-to-source mapping
omb-m-26-14,m26-14.collection-operations,Operate detections as a measured capability,"1. Create detections for each baseline objective. 2. Map every detection to its source and response owner. 3. Test alert delivery and response routing. 4. Review false positives and missed detections on a defined cadence. 5. Track coverage as a percentage of baseline objectives, not as a dashboard count.",Run controlled alert tests and link resulting notable events or response records to the baseline objective and review date.,SOC manager,"Alerts exist but are not actionable, tested, or tied to a response workflow"
omb-m-26-14,m26-14.data-retention,Separate searchable and retrievable retention,1. Document searchable retention by index and source. 2. Document archive retention and restore procedure. 3. Perform a restore test at least at the target maturity level. 4. Record encryption and access controls. 5. Preserve retention exceptions and compensating controls.,Query a six-month searchable window where applicable and perform a documented archive restore test for the twelve-month retrieval requirement.,Data platform owner,Retention is stated in policy but never verified with a query or restore test
omb-m-26-14,m26-14.log-management,Protect integrity and access to logs,1. Enable encryption in transit and at rest. 2. Restrict access using least privilege. 3. Review access and workloads regularly. 4. Use integrity checks appropriate to the storage tier. 5. Require two-person approval for retirement at the highest maturity level.,"Collect configuration evidence, access review results, integrity-check output, and retirement approvals with timestamps.",Security or platform security owner,Encryption is documented but access integrity and retirement controls are not evidenced
omb-m-26-14,m26-14.minimum-baseline,Map minimum baseline objectives to data and detections,"1. Create a baseline register for identity, network, object, privilege, infrastructure, security tooling, indicators, anomalies, affected data, attack vectors, and automated alerts. 2. Assign source requirements. 3. Assign at least one detection or analytic where appropriate. 4. Test each mapping. 5. Track gaps as findings with owners.","Review the baseline register and require a passing source, analytic, and alert test before marking an objective covered.",SOC architect,Generic statements that do not identify data sources or measurable coverage
omb-m-26-14,m26-14.cem,Make continuous monitoring operational,1. Define SOC monitoring responsibilities and service windows. 2. Identify the event classes that must be monitored in real time. 3. Set alert severity and response SLAs. 4. Test escalation and closure. 5. Review detection health and tuning.,"Sample alert history, response tickets, escalation records, and detection health results for the assessment period.",SOC manager,Monitoring is described but not tied to response time or operational evidence
omb-m-26-14,m26-14.thirf,Make investigation data retrievable,1. Define hot and cold log tiers. 2. Document retrieval and centralization procedures. 3. Run a restore and replay test. 4. Practice exporting evidence for an investigation. 5. Record chain of custody and access approvals.,"Complete a tabletop or live retrieval test and attach the query, source list, restore timing, and investigation record.",Incident response lead,Cold data exists but cannot be retrieved in a useful timeframe
cis-controls-8.1,cis.01,Implement Inventory and Control of Enterprise Assets,"1. Define the accountable owner and scope for Inventory and Control of Enterprise Assets. 2. Publish the governing policy or procedure. 3. Implement the technical or operational safeguards. 4. Create a saved search or dashboard panel for measurable status where data is available. 5. Review evidence, exceptions, and due dates on a defined cadence.","Review the current approved document and the corresponding implementation evidence or Splunk tracking result. Confirm scope, freshness, exceptions, and owner. A document without operating evidence is not a passing result. Record the test performed, assessor, date, and remediation required.",Control owner,"The requirement is documented but implementation, evidence, or review results are not current."
cis-controls-8.1,cis.02,Implement Inventory and Control of Software Assets,"1. Define the accountable owner and scope for Inventory and Control of Software Assets. 2. Publish the governing policy or procedure. 3. Implement the technical or operational safeguards. 4. Create a saved search or dashboard panel for measurable status where data is available. 5. Review evidence, exceptions, and due dates on a defined cadence.","Review the current approved document and the corresponding implementation evidence or Splunk tracking result. Confirm scope, freshness, exceptions, and owner. A document without operating evidence is not a passing result. Record the test performed, assessor, date, and remediation required.",Control owner,"The requirement is documented but implementation, evidence, or review results are not current."
cis-controls-8.1,cis.03,Implement Data Protection,"1. Define the accountable owner and scope for Data Protection. 2. Publish the governing policy or procedure. 3. Implement the technical or operational safeguards. 4. Create a saved search or dashboard panel for measurable status where data is available. 5. Review evidence, exceptions, and due dates on a defined cadence.","Review the current approved document and the corresponding implementation evidence or Splunk tracking result. Confirm scope, freshness, exceptions, and owner. A document without operating evidence is not a passing result. Record the test performed, assessor, date, and remediation required.",Control owner,"The requirement is documented but implementation, evidence, or review results are not current."
cis-controls-8.1,cis.04,Implement Secure Configuration of Enterprise Assets and Software,"1. Define the accountable owner and scope for Secure Configuration of Enterprise Assets and Software. 2. Publish the governing policy or procedure. 3. Implement the technical or operational safeguards. 4. Create a saved search or dashboard panel for measurable status where data is available. 5. Review evidence, exceptions, and due dates on a defined cadence.","Review the current approved document and the corresponding implementation evidence or Splunk tracking result. Confirm scope, freshness, exceptions, and owner. A document without operating evidence is not a passing result. Record the test performed, assessor, date, and remediation required.",Control owner,"The requirement is documented but implementation, evidence, or review results are not current."
cis-controls-8.1,cis.05,Implement Account Management,"1. Define the accountable owner and scope for Account Management. 2. Publish the governing policy or procedure. 3. Implement the technical or operational safeguards. 4. Create a saved search or dashboard panel for measurable status where data is available. 5. Review evidence, exceptions, and due dates on a defined cadence.","Review the current approved document and the corresponding implementation evidence or Splunk tracking result. Confirm scope, freshness, exceptions, and owner. A document without operating evidence is not a passing result. Record the test performed, assessor, date, and remediation required.",Control owner,"The requirement is documented but implementation, evidence, or review results are not current."
cis-controls-8.1,cis.06,Implement Access Control Management,"1. Define the accountable owner and scope for Access Control Management. 2. Publish the governing policy or procedure. 3. Implement the technical or operational safeguards. 4. Create a saved search or dashboard panel for measurable status where data is available. 5. Review evidence, exceptions, and due dates on a defined cadence.","Review the current approved document and the corresponding implementation evidence or Splunk tracking result. Confirm scope, freshness, exceptions, and owner. A document without operating evidence is not a passing result. Record the test performed, assessor, date, and remediation required.",Control owner,"The requirement is documented but implementation, evidence, or review results are not current."
cis-controls-8.1,cis.07,Implement Continuous Vulnerability Management,"1. Define the accountable owner and scope for Continuous Vulnerability Management. 2. Publish the governing policy or procedure. 3. Implement the technical or operational safeguards. 4. Create a saved search or dashboard panel for measurable status where data is available. 5. Review evidence, exceptions, and due dates on a defined cadence.","Review the current approved document and the corresponding implementation evidence or Splunk tracking result. Confirm scope, freshness, exceptions, and owner. A document without operating evidence is not a passing result. Record the test performed, assessor, date, and remediation required.",Control owner,"The requirement is documented but implementation, evidence, or review results are not current."
cis-controls-8.1,cis.08,Implement Audit Log Management,"1. Define the accountable owner and scope for Audit Log Management. 2. Publish the governing policy or procedure. 3. Implement the technical or operational safeguards. 4. Create a saved search or dashboard panel for measurable status where data is available. 5. Review evidence, exceptions, and due dates on a defined cadence.","Review the current approved document and the corresponding implementation evidence or Splunk tracking result. Confirm scope, freshness, exceptions, and owner. A document without operating evidence is not a passing result. Record the test performed, assessor, date, and remediation required.",Control owner,"The requirement is documented but implementation, evidence, or review results are not current."
cis-controls-8.1,cis.09,Implement Email and Web Browser Protections,"1. Define the accountable owner and scope for Email and Web Browser Protections. 2. Publish the governing policy or procedure. 3. Implement the technical or operational safeguards. 4. Create a saved search or dashboard panel for measurable status where data is available. 5. Review evidence, exceptions, and due dates on a defined cadence.","Review the current approved document and the corresponding implementation evidence or Splunk tracking result. Confirm scope, freshness, exceptions, and owner. A document without operating evidence is not a passing result. Record the test performed, assessor, date, and remediation required.",Control owner,"The requirement is documented but implementation, evidence, or review results are not current."
cis-controls-8.1,cis.10,Implement Malware Defenses,"1. Define the accountable owner and scope for Malware Defenses. 2. Publish the governing policy or procedure. 3. Implement the technical or operational safeguards. 4. Create a saved search or dashboard panel for measurable status where data is available. 5. Review evidence, exceptions, and due dates on a defined cadence.","Review the current approved document and the corresponding implementation evidence or Splunk tracking result. Confirm scope, freshness, exceptions, and owner. A document without operating evidence is not a passing result. Record the test performed, assessor, date, and remediation required.",Control owner,"The requirement is documented but implementation, evidence, or review results are not current."
cis-controls-8.1,cis.11,Implement Data Recovery,"1. Define the accountable owner and scope for Data Recovery. 2. Publish the governing policy or procedure. 3. Implement the technical or operational safeguards. 4. Create a saved search or dashboard panel for measurable status where data is available. 5. Review evidence, exceptions, and due dates on a defined cadence.","Review the current approved document and the corresponding implementation evidence or Splunk tracking result. Confirm scope, freshness, exceptions, and owner. A document without operating evidence is not a passing result. Record the test performed, assessor, date, and remediation required.",Control owner,"The requirement is documented but implementation, evidence, or review results are not current."
cis-controls-8.1,cis.12,Implement Network Infrastructure Management,"1. Define the accountable owner and scope for Network Infrastructure Management. 2. Publish the governing policy or procedure. 3. Implement the technical or operational safeguards. 4. Create a saved search or dashboard panel for measurable status where data is available. 5. Review evidence, exceptions, and due dates on a defined cadence.","Review the current approved document and the corresponding implementation evidence or Splunk tracking result. Confirm scope, freshness, exceptions, and owner. A document without operating evidence is not a passing result. Record the test performed, assessor, date, and remediation required.",Control owner,"The requirement is documented but implementation, evidence, or review results are not current."
cis-controls-8.1,cis.13,Implement Network Monitoring and Defense,"1. Define the accountable owner and scope for Network Monitoring and Defense. 2. Publish the governing policy or procedure. 3. Implement the technical or operational safeguards. 4. Create a saved search or dashboard panel for measurable status where data is available. 5. Review evidence, exceptions, and due dates on a defined cadence.","Review the current approved document and the corresponding implementation evidence or Splunk tracking result. Confirm scope, freshness, exceptions, and owner. A document without operating evidence is not a passing result. Record the test performed, assessor, date, and remediation required.",Control owner,"The requirement is documented but implementation, evidence, or review results are not current."
cis-controls-8.1,cis.14,Implement Security Awareness and Skills Training,"1. Define the accountable owner and scope for Security Awareness and Skills Training. 2. Publish the governing policy or procedure. 3. Implement the technical or operational safeguards. 4. Create a saved search or dashboard panel for measurable status where data is available. 5. Review evidence, exceptions, and due dates on a defined cadence.","Review the current approved document and the corresponding implementation evidence or Splunk tracking result. Confirm scope, freshness, exceptions, and owner. A document without operating evidence is not a passing result. Record the test performed, assessor, date, and remediation required.",Control owner,"The requirement is documented but implementation, evidence, or review results are not current."
cis-controls-8.1,cis.15,Implement Service Provider Management,"1. Define the accountable owner and scope for Service Provider Management. 2. Publish the governing policy or procedure. 3. Implement the technical or operational safeguards. 4. Create a saved search or dashboard panel for measurable status where data is available. 5. Review evidence, exceptions, and due dates on a defined cadence.","Review the current approved document and the corresponding implementation evidence or Splunk tracking result. Confirm scope, freshness, exceptions, and owner. A document without operating evidence is not a passing result. Record the test performed, assessor, date, and remediation required.",Control owner,"The requirement is documented but implementation, evidence, or review results are not current."
cis-controls-8.1,cis.16,Implement Application Software Security,"1. Define the accountable owner and scope for Application Software Security. 2. Publish the governing policy or procedure. 3. Implement the technical or operational safeguards. 4. Create a saved search or dashboard panel for measurable status where data is available. 5. Review evidence, exceptions, and due dates on a defined cadence.","Review the current approved document and the corresponding implementation evidence or Splunk tracking result. Confirm scope, freshness, exceptions, and owner. A document without operating evidence is not a passing result. Record the test performed, assessor, date, and remediation required.",Control owner,"The requirement is documented but implementation, evidence, or review results are not current."
cis-controls-8.1,cis.17,Implement Incident Response Management,"1. Define the accountable owner and scope for Incident Response Management. 2. Publish the governing policy or procedure. 3. Implement the technical or operational safeguards. 4. Create a saved search or dashboard panel for measurable status where data is available. 5. Review evidence, exceptions, and due dates on a defined cadence.","Review the current approved document and the corresponding implementation evidence or Splunk tracking result. Confirm scope, freshness, exceptions, and owner. A document without operating evidence is not a passing result. Record the test performed, assessor, date, and remediation required.",Control owner,"The requirement is documented but implementation, evidence, or review results are not current."
cis-controls-8.1,cis.18,Implement Penetration Testing,"1. Define the accountable owner and scope for Penetration Testing. 2. Publish the governing policy or procedure. 3. Implement the technical or operational safeguards. 4. Create a saved search or dashboard panel for measurable status where data is available. 5. Review evidence, exceptions, and due dates on a defined cadence.","Review the current approved document and the corresponding implementation evidence or Splunk tracking result. Confirm scope, freshness, exceptions, and owner. A document without operating evidence is not a passing result. Record the test performed, assessor, date, and remediation required.",Control owner,"The requirement is documented but implementation, evidence, or review results are not current."
nist-csf-2.0,csf.govern,Implement Govern,"1. Publish the current approved policy or procedure for Govern. 2. Assign an accountable owner and review cadence. 3. Define operating steps, scope, exceptions, and required records. 4. Train affected personnel and retain acknowledgement where applicable. 5. Review operating evidence and record remediation for gaps.","Review the approved document, owner, approval date, review date, scope, exceptions, and operating evidence. A policy document by itself is not a passing result. Record the test performed, assessor, date, and remediation required.",Control owner,"The requirement is documented but implementation, evidence, or review results are not current."
nist-csf-2.0,csf.identify,Implement Identify,"1. Define the accountable owner and scope for Identify. 2. Publish the governing policy or procedure. 3. Implement the technical or operational safeguards. 4. Create a saved search or dashboard panel for measurable status where data is available. 5. Review evidence, exceptions, and due dates on a defined cadence.","Review the current approved document and the corresponding implementation evidence or Splunk tracking result. Confirm scope, freshness, exceptions, and owner. A document without operating evidence is not a passing result. Record the test performed, assessor, date, and remediation required.",Control owner,"The requirement is documented but implementation, evidence, or review results are not current."
nist-csf-2.0,csf.protect,Implement Protect,"1. Define the accountable owner and scope for Protect. 2. Publish the governing policy or procedure. 3. Implement the technical or operational safeguards. 4. Create a saved search or dashboard panel for measurable status where data is available. 5. Review evidence, exceptions, and due dates on a defined cadence.","Review the current approved document and the corresponding implementation evidence or Splunk tracking result. Confirm scope, freshness, exceptions, and owner. A document without operating evidence is not a passing result. Record the test performed, assessor, date, and remediation required.",Control owner,"The requirement is documented but implementation, evidence, or review results are not current."
nist-csf-2.0,csf.detect,Implement Detect,1. Define the in-scope systems and success threshold for Detect. 2. Connect the required telemetry or inventory data. 3. Create a saved search or dashboard panel that shows current status and exceptions. 4. Assign an owner for uncovered items. 5. Review the result on a defined cadence and retain the output as evidence.,"Open the linked tracking view or saved search, confirm the time window and scope, inspect exceptions, and retain the result with its run date. Record the test performed, assessor, date, and remediation required.",Control owner,"The requirement is documented but implementation, evidence, or review results are not current."
nist-csf-2.0,csf.respond,Implement Respond,"1. Define the accountable owner and scope for Respond. 2. Publish the governing policy or procedure. 3. Implement the technical or operational safeguards. 4. Create a saved search or dashboard panel for measurable status where data is available. 5. Review evidence, exceptions, and due dates on a defined cadence.","Review the current approved document and the corresponding implementation evidence or Splunk tracking result. Confirm scope, freshness, exceptions, and owner. A document without operating evidence is not a passing result. Record the test performed, assessor, date, and remediation required.",Control owner,"The requirement is documented but implementation, evidence, or review results are not current."
nist-csf-2.0,csf.recover,Implement Recover,"1. Define the accountable owner and scope for Recover. 2. Publish the governing policy or procedure. 3. Implement the technical or operational safeguards. 4. Create a saved search or dashboard panel for measurable status where data is available. 5. Review evidence, exceptions, and due dates on a defined cadence.","Review the current approved document and the corresponding implementation evidence or Splunk tracking result. Confirm scope, freshness, exceptions, and owner. A document without operating evidence is not a passing result. Record the test performed, assessor, date, and remediation required.",Control owner,"The requirement is documented but implementation, evidence, or review results are not current."
cmmc-2.0-level-2,cmmc.ac,Implement Access Control,"1. Define the accountable owner and scope for Access Control. 2. Publish the governing policy or procedure. 3. Implement the technical or operational safeguards. 4. Create a saved search or dashboard panel for measurable status where data is available. 5. Review evidence, exceptions, and due dates on a defined cadence.","Review the current approved document and the corresponding implementation evidence or Splunk tracking result. Confirm scope, freshness, exceptions, and owner. A document without operating evidence is not a passing result. Record the test performed, assessor, date, and remediation required.",Control owner,"The requirement is documented but implementation, evidence, or review results are not current."
cmmc-2.0-level-2,cmmc.at,Implement Awareness and Training,"1. Publish the current approved policy or procedure for Awareness and Training. 2. Assign an accountable owner and review cadence. 3. Define operating steps, scope, exceptions, and required records. 4. Train affected personnel and retain acknowledgement where applicable. 5. Review operating evidence and record remediation for gaps.","Review the approved document, owner, approval date, review date, scope, exceptions, and operating evidence. A policy document by itself is not a passing result. Record the test performed, assessor, date, and remediation required.",Control owner,"The requirement is documented but implementation, evidence, or review results are not current."
cmmc-2.0-level-2,cmmc.au,Implement Audit and Accountability,"1. Define the accountable owner and scope for Audit and Accountability. 2. Publish the governing policy or procedure. 3. Implement the technical or operational safeguards. 4. Create a saved search or dashboard panel for measurable status where data is available. 5. Review evidence, exceptions, and due dates on a defined cadence.","Review the current approved document and the corresponding implementation evidence or Splunk tracking result. Confirm scope, freshness, exceptions, and owner. A document without operating evidence is not a passing result. Record the test performed, assessor, date, and remediation required.",Control owner,"The requirement is documented but implementation, evidence, or review results are not current."
cmmc-2.0-level-2,cmmc.ca,Implement Assessment,"1. Define the accountable owner and scope for Assessment. 2. Publish the governing policy or procedure. 3. Implement the technical or operational safeguards. 4. Create a saved search or dashboard panel for measurable status where data is available. 5. Review evidence, exceptions, and due dates on a defined cadence.","Review the current approved document and the corresponding implementation evidence or Splunk tracking result. Confirm scope, freshness, exceptions, and owner. A document without operating evidence is not a passing result. Record the test performed, assessor, date, and remediation required.",Control owner,"The requirement is documented but implementation, evidence, or review results are not current."
cmmc-2.0-level-2,cmmc.cm,Implement Configuration Management,1. Define the in-scope systems and success threshold for Configuration Management. 2. Connect the required telemetry or inventory data. 3. Create a saved search or dashboard panel that shows current status and exceptions. 4. Assign an owner for uncovered items. 5. Review the result on a defined cadence and retain the output as evidence.,"Open the linked tracking view or saved search, confirm the time window and scope, inspect exceptions, and retain the result with its run date. Record the test performed, assessor, date, and remediation required.",Control owner,"The requirement is documented but implementation, evidence, or review results are not current."
cmmc-2.0-level-2,cmmc.ia,Implement Identification and Authentication,1. Define the in-scope systems and success threshold for Identification and Authentication. 2. Connect the required telemetry or inventory data. 3. Create a saved search or dashboard panel that shows current status and exceptions. 4. Assign an owner for uncovered items. 5. Review the result on a defined cadence and retain the output as evidence.,"Open the linked tracking view or saved search, confirm the time window and scope, inspect exceptions, and retain the result with its run date. Record the test performed, assessor, date, and remediation required.",Control owner,"The requirement is documented but implementation, evidence, or review results are not current."
cmmc-2.0-level-2,cmmc.ir,Implement Incident Response,"1. Define the accountable owner and scope for Incident Response. 2. Publish the governing policy or procedure. 3. Implement the technical or operational safeguards. 4. Create a saved search or dashboard panel for measurable status where data is available. 5. Review evidence, exceptions, and due dates on a defined cadence.","Review the current approved document and the corresponding implementation evidence or Splunk tracking result. Confirm scope, freshness, exceptions, and owner. A document without operating evidence is not a passing result. Record the test performed, assessor, date, and remediation required.",Control owner,"The requirement is documented but implementation, evidence, or review results are not current."
cmmc-2.0-level-2,cmmc.ma,Implement Maintenance,"1. Define the accountable owner and scope for Maintenance. 2. Publish the governing policy or procedure. 3. Implement the technical or operational safeguards. 4. Create a saved search or dashboard panel for measurable status where data is available. 5. Review evidence, exceptions, and due dates on a defined cadence.","Review the current approved document and the corresponding implementation evidence or Splunk tracking result. Confirm scope, freshness, exceptions, and owner. A document without operating evidence is not a passing result. Record the test performed, assessor, date, and remediation required.",Control owner,"The requirement is documented but implementation, evidence, or review results are not current."
cmmc-2.0-level-2,cmmc.mp,Implement Media Protection,"1. Publish the current approved policy or procedure for Media Protection. 2. Assign an accountable owner and review cadence. 3. Define operating steps, scope, exceptions, and required records. 4. Train affected personnel and retain acknowledgement where applicable. 5. Review operating evidence and record remediation for gaps.","Review the approved document, owner, approval date, review date, scope, exceptions, and operating evidence. A policy document by itself is not a passing result. Record the test performed, assessor, date, and remediation required.",Control owner,"The requirement is documented but implementation, evidence, or review results are not current."
cmmc-2.0-level-2,cmmc.pe,Implement Physical Protection,"1. Publish the current approved policy or procedure for Physical Protection. 2. Assign an accountable owner and review cadence. 3. Define operating steps, scope, exceptions, and required records. 4. Train affected personnel and retain acknowledgement where applicable. 5. Review operating evidence and record remediation for gaps.","Review the approved document, owner, approval date, review date, scope, exceptions, and operating evidence. A policy document by itself is not a passing result. Record the test performed, assessor, date, and remediation required.",Control owner,"The requirement is documented but implementation, evidence, or review results are not current."
cmmc-2.0-level-2,cmmc.ps,Implement Personnel Security,"1. Publish the current approved policy or procedure for Personnel Security. 2. Assign an accountable owner and review cadence. 3. Define operating steps, scope, exceptions, and required records. 4. Train affected personnel and retain acknowledgement where applicable. 5. Review operating evidence and record remediation for gaps.","Review the approved document, owner, approval date, review date, scope, exceptions, and operating evidence. A policy document by itself is not a passing result. Record the test performed, assessor, date, and remediation required.",Control owner,"The requirement is documented but implementation, evidence, or review results are not current."
cmmc-2.0-level-2,cmmc.ra,Implement Risk Assessment,"1. Define the accountable owner and scope for Risk Assessment. 2. Publish the governing policy or procedure. 3. Implement the technical or operational safeguards. 4. Create a saved search or dashboard panel for measurable status where data is available. 5. Review evidence, exceptions, and due dates on a defined cadence.","Review the current approved document and the corresponding implementation evidence or Splunk tracking result. Confirm scope, freshness, exceptions, and owner. A document without operating evidence is not a passing result. Record the test performed, assessor, date, and remediation required.",Control owner,"The requirement is documented but implementation, evidence, or review results are not current."
cmmc-2.0-level-2,cmmc.sc,Implement System and Communications Protection,1. Define the in-scope systems and success threshold for System and Communications Protection. 2. Connect the required telemetry or inventory data. 3. Create a saved search or dashboard panel that shows current status and exceptions. 4. Assign an owner for uncovered items. 5. Review the result on a defined cadence and retain the output as evidence.,"Open the linked tracking view or saved search, confirm the time window and scope, inspect exceptions, and retain the result with its run date. Record the test performed, assessor, date, and remediation required.",Control owner,"The requirement is documented but implementation, evidence, or review results are not current."
cmmc-2.0-level-2,cmmc.si,Implement System and Information Integrity,1. Define the in-scope systems and success threshold for System and Information Integrity. 2. Connect the required telemetry or inventory data. 3. Create a saved search or dashboard panel that shows current status and exceptions. 4. Assign an owner for uncovered items. 5. Review the result on a defined cadence and retain the output as evidence.,"Open the linked tracking view or saved search, confirm the time window and scope, inspect exceptions, and retain the result with its run date. Record the test performed, assessor, date, and remediation required.",Control owner,"The requirement is documented but implementation, evidence, or review results are not current."
iso-27001-2022,iso27001.a5,Implement Organizational Controls,"1. Publish the current approved policy or procedure for Organizational Controls. 2. Assign an accountable owner and review cadence. 3. Define operating steps, scope, exceptions, and required records. 4. Train affected personnel and retain acknowledgement where applicable. 5. Review operating evidence and record remediation for gaps.","Review the approved document, owner, approval date, review date, scope, exceptions, and operating evidence. A policy document by itself is not a passing result. Record the test performed, assessor, date, and remediation required.",Control owner,"The requirement is documented but implementation, evidence, or review results are not current."
iso-27001-2022,iso27001.a6,Implement People Controls,"1. Publish the current approved policy or procedure for People Controls. 2. Assign an accountable owner and review cadence. 3. Define operating steps, scope, exceptions, and required records. 4. Train affected personnel and retain acknowledgement where applicable. 5. Review operating evidence and record remediation for gaps.","Review the approved document, owner, approval date, review date, scope, exceptions, and operating evidence. A policy document by itself is not a passing result. Record the test performed, assessor, date, and remediation required.",Control owner,"The requirement is documented but implementation, evidence, or review results are not current."
iso-27001-2022,iso27001.a7,Implement Physical Controls,"1. Publish the current approved policy or procedure for Physical Controls. 2. Assign an accountable owner and review cadence. 3. Define operating steps, scope, exceptions, and required records. 4. Train affected personnel and retain acknowledgement where applicable. 5. Review operating evidence and record remediation for gaps.","Review the approved document, owner, approval date, review date, scope, exceptions, and operating evidence. A policy document by itself is not a passing result. Record the test performed, assessor, date, and remediation required.",Control owner,"The requirement is documented but implementation, evidence, or review results are not current."
iso-27001-2022,iso27001.a8,Implement Technological Controls,1. Define the in-scope systems and success threshold for Technological Controls. 2. Connect the required telemetry or inventory data. 3. Create a saved search or dashboard panel that shows current status and exceptions. 4. Assign an owner for uncovered items. 5. Review the result on a defined cadence and retain the output as evidence.,"Open the linked tracking view or saved search, confirm the time window and scope, inspect exceptions, and retain the result with its run date. Record the test performed, assessor, date, and remediation required.",Control owner,"The requirement is documented but implementation, evidence, or review results are not current."
nist-sp-800-53r5,nist53.ac,Implement Access Control,"1. Define the accountable owner and scope for Access Control. 2. Publish the governing policy or procedure. 3. Implement the technical or operational safeguards. 4. Create a saved search or dashboard panel for measurable status where data is available. 5. Review evidence, exceptions, and due dates on a defined cadence.","Review the current approved document and the corresponding implementation evidence or Splunk tracking result. Confirm scope, freshness, exceptions, and owner. A document without operating evidence is not a passing result. Record the test performed, assessor, date, and remediation required.",Control owner,"The requirement is documented but implementation, evidence, or review results are not current."
nist-sp-800-53r5,nist53.at,Implement Awareness and Training,"1. Publish the current approved policy or procedure for Awareness and Training. 2. Assign an accountable owner and review cadence. 3. Define operating steps, scope, exceptions, and required records. 4. Train affected personnel and retain acknowledgement where applicable. 5. Review operating evidence and record remediation for gaps.","Review the approved document, owner, approval date, review date, scope, exceptions, and operating evidence. A policy document by itself is not a passing result. Record the test performed, assessor, date, and remediation required.",Control owner,"The requirement is documented but implementation, evidence, or review results are not current."
nist-sp-800-53r5,nist53.au,Implement Audit and Accountability,"1. Define the accountable owner and scope for Audit and Accountability. 2. Publish the governing policy or procedure. 3. Implement the technical or operational safeguards. 4. Create a saved search or dashboard panel for measurable status where data is available. 5. Review evidence, exceptions, and due dates on a defined cadence.","Review the current approved document and the corresponding implementation evidence or Splunk tracking result. Confirm scope, freshness, exceptions, and owner. A document without operating evidence is not a passing result. Record the test performed, assessor, date, and remediation required.",Control owner,"The requirement is documented but implementation, evidence, or review results are not current."
nist-sp-800-53r5,nist53.ca,"Implement Assessment, Authorization, and Monitoring","1. Define the accountable owner and scope for Assessment, Authorization, and Monitoring. 2. Publish the governing policy or procedure. 3. Implement the technical or operational safeguards. 4. Create a saved search or dashboard panel for measurable status where data is available. 5. Review evidence, exceptions, and due dates on a defined cadence.","Review the current approved document and the corresponding implementation evidence or Splunk tracking result. Confirm scope, freshness, exceptions, and owner. A document without operating evidence is not a passing result. Record the test performed, assessor, date, and remediation required.",Control owner,"The requirement is documented but implementation, evidence, or review results are not current."
nist-sp-800-53r5,nist53.cm,Implement Configuration Management,1. Define the in-scope systems and success threshold for Configuration Management. 2. Connect the required telemetry or inventory data. 3. Create a saved search or dashboard panel that shows current status and exceptions. 4. Assign an owner for uncovered items. 5. Review the result on a defined cadence and retain the output as evidence.,"Open the linked tracking view or saved search, confirm the time window and scope, inspect exceptions, and retain the result with its run date. Record the test performed, assessor, date, and remediation required.",Control owner,"The requirement is documented but implementation, evidence, or review results are not current."
nist-sp-800-53r5,nist53.cp,Implement Contingency Planning,"1. Define the accountable owner and scope for Contingency Planning. 2. Publish the governing policy or procedure. 3. Implement the technical or operational safeguards. 4. Create a saved search or dashboard panel for measurable status where data is available. 5. Review evidence, exceptions, and due dates on a defined cadence.","Review the current approved document and the corresponding implementation evidence or Splunk tracking result. Confirm scope, freshness, exceptions, and owner. A document without operating evidence is not a passing result. Record the test performed, assessor, date, and remediation required.",Control owner,"The requirement is documented but implementation, evidence, or review results are not current."
nist-sp-800-53r5,nist53.ia,Implement Identification and Authentication,1. Define the in-scope systems and success threshold for Identification and Authentication. 2. Connect the required telemetry or inventory data. 3. Create a saved search or dashboard panel that shows current status and exceptions. 4. Assign an owner for uncovered items. 5. Review the result on a defined cadence and retain the output as evidence.,"Open the linked tracking view or saved search, confirm the time window and scope, inspect exceptions, and retain the result with its run date. Record the test performed, assessor, date, and remediation required.",Control owner,"The requirement is documented but implementation, evidence, or review results are not current."
nist-sp-800-53r5,nist53.ir,Implement Incident Response,"1. Define the accountable owner and scope for Incident Response. 2. Publish the governing policy or procedure. 3. Implement the technical or operational safeguards. 4. Create a saved search or dashboard panel for measurable status where data is available. 5. Review evidence, exceptions, and due dates on a defined cadence.","Review the current approved document and the corresponding implementation evidence or Splunk tracking result. Confirm scope, freshness, exceptions, and owner. A document without operating evidence is not a passing result. Record the test performed, assessor, date, and remediation required.",Control owner,"The requirement is documented but implementation, evidence, or review results are not current."
nist-sp-800-53r5,nist53.ma,Implement Maintenance,"1. Define the accountable owner and scope for Maintenance. 2. Publish the governing policy or procedure. 3. Implement the technical or operational safeguards. 4. Create a saved search or dashboard panel for measurable status where data is available. 5. Review evidence, exceptions, and due dates on a defined cadence.","Review the current approved document and the corresponding implementation evidence or Splunk tracking result. Confirm scope, freshness, exceptions, and owner. A document without operating evidence is not a passing result. Record the test performed, assessor, date, and remediation required.",Control owner,"The requirement is documented but implementation, evidence, or review results are not current."
nist-sp-800-53r5,nist53.mp,Implement Media Protection,"1. Publish the current approved policy or procedure for Media Protection. 2. Assign an accountable owner and review cadence. 3. Define operating steps, scope, exceptions, and required records. 4. Train affected personnel and retain acknowledgement where applicable. 5. Review operating evidence and record remediation for gaps.","Review the approved document, owner, approval date, review date, scope, exceptions, and operating evidence. A policy document by itself is not a passing result. Record the test performed, assessor, date, and remediation required.",Control owner,"The requirement is documented but implementation, evidence, or review results are not current."
nist-sp-800-53r5,nist53.pe,Implement Physical and Environmental Protection,"1. Publish the current approved policy or procedure for Physical and Environmental Protection. 2. Assign an accountable owner and review cadence. 3. Define operating steps, scope, exceptions, and required records. 4. Train affected personnel and retain acknowledgement where applicable. 5. Review operating evidence and record remediation for gaps.","Review the approved document, owner, approval date, review date, scope, exceptions, and operating evidence. A policy document by itself is not a passing result. Record the test performed, assessor, date, and remediation required.",Control owner,"The requirement is documented but implementation, evidence, or review results are not current."
nist-sp-800-53r5,nist53.pl,Implement Planning,"1. Publish the current approved policy or procedure for Planning. 2. Assign an accountable owner and review cadence. 3. Define operating steps, scope, exceptions, and required records. 4. Train affected personnel and retain acknowledgement where applicable. 5. Review operating evidence and record remediation for gaps.","Review the approved document, owner, approval date, review date, scope, exceptions, and operating evidence. A policy document by itself is not a passing result. Record the test performed, assessor, date, and remediation required.",Control owner,"The requirement is documented but implementation, evidence, or review results are not current."
nist-sp-800-53r5,nist53.pm,Implement Program Management,"1. Publish the current approved policy or procedure for Program Management. 2. Assign an accountable owner and review cadence. 3. Define operating steps, scope, exceptions, and required records. 4. Train affected personnel and retain acknowledgement where applicable. 5. Review operating evidence and record remediation for gaps.","Review the approved document, owner, approval date, review date, scope, exceptions, and operating evidence. A policy document by itself is not a passing result. Record the test performed, assessor, date, and remediation required.",Control owner,"The requirement is documented but implementation, evidence, or review results are not current."
nist-sp-800-53r5,nist53.ps,Implement Personnel Security,"1. Publish the current approved policy or procedure for Personnel Security. 2. Assign an accountable owner and review cadence. 3. Define operating steps, scope, exceptions, and required records. 4. Train affected personnel and retain acknowledgement where applicable. 5. Review operating evidence and record remediation for gaps.","Review the approved document, owner, approval date, review date, scope, exceptions, and operating evidence. A policy document by itself is not a passing result. Record the test performed, assessor, date, and remediation required.",Control owner,"The requirement is documented but implementation, evidence, or review results are not current."
nist-sp-800-53r5,nist53.pt,Implement Personally Identifiable Information Processing and Transparency,"1. Publish the current approved policy or procedure for Personally Identifiable Information Processing and Transparency. 2. Assign an accountable owner and review cadence. 3. Define operating steps, scope, exceptions, and required records. 4. Train affected personnel and retain acknowledgement where applicable. 5. Review operating evidence and record remediation for gaps.","Review the approved document, owner, approval date, review date, scope, exceptions, and operating evidence. A policy document by itself is not a passing result. Record the test performed, assessor, date, and remediation required.",Control owner,"The requirement is documented but implementation, evidence, or review results are not current."
nist-sp-800-53r5,nist53.ra,Implement Risk Assessment,"1. Define the accountable owner and scope for Risk Assessment. 2. Publish the governing policy or procedure. 3. Implement the technical or operational safeguards. 4. Create a saved search or dashboard panel for measurable status where data is available. 5. Review evidence, exceptions, and due dates on a defined cadence.","Review the current approved document and the corresponding implementation evidence or Splunk tracking result. Confirm scope, freshness, exceptions, and owner. A document without operating evidence is not a passing result. Record the test performed, assessor, date, and remediation required.",Control owner,"The requirement is documented but implementation, evidence, or review results are not current."
nist-sp-800-53r5,nist53.sa,Implement System and Services Acquisition,"1. Define the accountable owner and scope for System and Services Acquisition. 2. Publish the governing policy or procedure. 3. Implement the technical or operational safeguards. 4. Create a saved search or dashboard panel for measurable status where data is available. 5. Review evidence, exceptions, and due dates on a defined cadence.","Review the current approved document and the corresponding implementation evidence or Splunk tracking result. Confirm scope, freshness, exceptions, and owner. A document without operating evidence is not a passing result. Record the test performed, assessor, date, and remediation required.",Control owner,"The requirement is documented but implementation, evidence, or review results are not current."
nist-sp-800-53r5,nist53.sc,Implement System and Communications Protection,1. Define the in-scope systems and success threshold for System and Communications Protection. 2. Connect the required telemetry or inventory data. 3. Create a saved search or dashboard panel that shows current status and exceptions. 4. Assign an owner for uncovered items. 5. Review the result on a defined cadence and retain the output as evidence.,"Open the linked tracking view or saved search, confirm the time window and scope, inspect exceptions, and retain the result with its run date. Record the test performed, assessor, date, and remediation required.",Control owner,"The requirement is documented but implementation, evidence, or review results are not current."
nist-sp-800-53r5,nist53.si,Implement System and Information Integrity,1. Define the in-scope systems and success threshold for System and Information Integrity. 2. Connect the required telemetry or inventory data. 3. Create a saved search or dashboard panel that shows current status and exceptions. 4. Assign an owner for uncovered items. 5. Review the result on a defined cadence and retain the output as evidence.,"Open the linked tracking view or saved search, confirm the time window and scope, inspect exceptions, and retain the result with its run date. Record the test performed, assessor, date, and remediation required.",Control owner,"The requirement is documented but implementation, evidence, or review results are not current."
nist-sp-800-53r5,nist53.sr,Implement Supply Chain Risk Management,"1. Publish the current approved policy or procedure for Supply Chain Risk Management. 2. Assign an accountable owner and review cadence. 3. Define operating steps, scope, exceptions, and required records. 4. Train affected personnel and retain acknowledgement where applicable. 5. Review operating evidence and record remediation for gaps.","Review the approved document, owner, approval date, review date, scope, exceptions, and operating evidence. A policy document by itself is not a passing result. Record the test performed, assessor, date, and remediation required.",Control owner,"The requirement is documented but implementation, evidence, or review results are not current."
pci-dss-4.0.1,pci.01,Implement Install and Maintain Network Security Controls,"1. Define the accountable owner and scope for Install and Maintain Network Security Controls. 2. Publish the governing policy or procedure. 3. Implement the technical or operational safeguards. 4. Create a saved search or dashboard panel for measurable status where data is available. 5. Review evidence, exceptions, and due dates on a defined cadence.","Review the current approved document and the corresponding implementation evidence or Splunk tracking result. Confirm scope, freshness, exceptions, and owner. A document without operating evidence is not a passing result. Record the test performed, assessor, date, and remediation required.",Control owner,"The requirement is documented but implementation, evidence, or review results are not current."
pci-dss-4.0.1,pci.02,Implement Apply Secure Configurations,1. Define the in-scope systems and success threshold for Apply Secure Configurations. 2. Connect the required telemetry or inventory data. 3. Create a saved search or dashboard panel that shows current status and exceptions. 4. Assign an owner for uncovered items. 5. Review the result on a defined cadence and retain the output as evidence.,"Open the linked tracking view or saved search, confirm the time window and scope, inspect exceptions, and retain the result with its run date. Record the test performed, assessor, date, and remediation required.",Control owner,"The requirement is documented but implementation, evidence, or review results are not current."
pci-dss-4.0.1,pci.03,Implement Protect Stored Account Data,"1. Define the accountable owner and scope for Protect Stored Account Data. 2. Publish the governing policy or procedure. 3. Implement the technical or operational safeguards. 4. Create a saved search or dashboard panel for measurable status where data is available. 5. Review evidence, exceptions, and due dates on a defined cadence.","Review the current approved document and the corresponding implementation evidence or Splunk tracking result. Confirm scope, freshness, exceptions, and owner. A document without operating evidence is not a passing result. Record the test performed, assessor, date, and remediation required.",Control owner,"The requirement is documented but implementation, evidence, or review results are not current."
pci-dss-4.0.1,pci.04,Implement Protect Cardholder Data with Strong Cryptography During Transmission,1. Define the in-scope systems and success threshold for Protect Cardholder Data with Strong Cryptography During Transmission. 2. Connect the required telemetry or inventory data. 3. Create a saved search or dashboard panel that shows current status and exceptions. 4. Assign an owner for uncovered items. 5. Review the result on a defined cadence and retain the output as evidence.,"Open the linked tracking view or saved search, confirm the time window and scope, inspect exceptions, and retain the result with its run date. Record the test performed, assessor, date, and remediation required.",Control owner,"The requirement is documented but implementation, evidence, or review results are not current."
pci-dss-4.0.1,pci.05,Implement Protect All Systems and Networks from Malicious Software,"1. Define the accountable owner and scope for Protect All Systems and Networks from Malicious Software. 2. Publish the governing policy or procedure. 3. Implement the technical or operational safeguards. 4. Create a saved search or dashboard panel for measurable status where data is available. 5. Review evidence, exceptions, and due dates on a defined cadence.","Review the current approved document and the corresponding implementation evidence or Splunk tracking result. Confirm scope, freshness, exceptions, and owner. A document without operating evidence is not a passing result. Record the test performed, assessor, date, and remediation required.",Control owner,"The requirement is documented but implementation, evidence, or review results are not current."
pci-dss-4.0.1,pci.06,Implement Develop and Maintain Secure Systems and Software,"1. Define the accountable owner and scope for Develop and Maintain Secure Systems and Software. 2. Publish the governing policy or procedure. 3. Implement the technical or operational safeguards. 4. Create a saved search or dashboard panel for measurable status where data is available. 5. Review evidence, exceptions, and due dates on a defined cadence.","Review the current approved document and the corresponding implementation evidence or Splunk tracking result. Confirm scope, freshness, exceptions, and owner. A document without operating evidence is not a passing result. Record the test performed, assessor, date, and remediation required.",Control owner,"The requirement is documented but implementation, evidence, or review results are not current."
pci-dss-4.0.1,pci.07,Implement Restrict Access to System Components and Cardholder Data by Business Need to Know,"1. Define the accountable owner and scope for Restrict Access to System Components and Cardholder Data by Business Need to Know. 2. Publish the governing policy or procedure. 3. Implement the technical or operational safeguards. 4. Create a saved search or dashboard panel for measurable status where data is available. 5. Review evidence, exceptions, and due dates on a defined cadence.","Review the current approved document and the corresponding implementation evidence or Splunk tracking result. Confirm scope, freshness, exceptions, and owner. A document without operating evidence is not a passing result. Record the test performed, assessor, date, and remediation required.",Control owner,"The requirement is documented but implementation, evidence, or review results are not current."
pci-dss-4.0.1,pci.08,Implement Identify Users and Authenticate Access to System Components,1. Define the in-scope systems and success threshold for Identify Users and Authenticate Access to System Components. 2. Connect the required telemetry or inventory data. 3. Create a saved search or dashboard panel that shows current status and exceptions. 4. Assign an owner for uncovered items. 5. Review the result on a defined cadence and retain the output as evidence.,"Open the linked tracking view or saved search, confirm the time window and scope, inspect exceptions, and retain the result with its run date. Record the test performed, assessor, date, and remediation required.",Control owner,"The requirement is documented but implementation, evidence, or review results are not current."
pci-dss-4.0.1,pci.09,Implement Restrict Physical Access to Cardholder Data,"1. Publish the current approved policy or procedure for Restrict Physical Access to Cardholder Data. 2. Assign an accountable owner and review cadence. 3. Define operating steps, scope, exceptions, and required records. 4. Train affected personnel and retain acknowledgement where applicable. 5. Review operating evidence and record remediation for gaps.","Review the approved document, owner, approval date, review date, scope, exceptions, and operating evidence. A policy document by itself is not a passing result. Record the test performed, assessor, date, and remediation required.",Control owner,"The requirement is documented but implementation, evidence, or review results are not current."
pci-dss-4.0.1,pci.10,Implement Log and Monitor All Access to System Components and Cardholder Data,1. Define the in-scope systems and success threshold for Log and Monitor All Access to System Components and Cardholder Data. 2. Connect the required telemetry or inventory data. 3. Create a saved search or dashboard panel that shows current status and exceptions. 4. Assign an owner for uncovered items. 5. Review the result on a defined cadence and retain the output as evidence.,"Open the linked tracking view or saved search, confirm the time window and scope, inspect exceptions, and retain the result with its run date. Record the test performed, assessor, date, and remediation required.",Control owner,"The requirement is documented but implementation, evidence, or review results are not current."
pci-dss-4.0.1,pci.11,Implement Regularly Test Security Systems and Processes,"1. Define the accountable owner and scope for Regularly Test Security Systems and Processes. 2. Publish the governing policy or procedure. 3. Implement the technical or operational safeguards. 4. Create a saved search or dashboard panel for measurable status where data is available. 5. Review evidence, exceptions, and due dates on a defined cadence.","Review the current approved document and the corresponding implementation evidence or Splunk tracking result. Confirm scope, freshness, exceptions, and owner. A document without operating evidence is not a passing result. Record the test performed, assessor, date, and remediation required.",Control owner,"The requirement is documented but implementation, evidence, or review results are not current."
pci-dss-4.0.1,pci.12,Implement Support Information Security with Organizational Policies and Programs,"1. Publish the current approved policy or procedure for Support Information Security with Organizational Policies and Programs. 2. Assign an accountable owner and review cadence. 3. Define operating steps, scope, exceptions, and required records. 4. Train affected personnel and retain acknowledgement where applicable. 5. Review operating evidence and record remediation for gaps.","Review the approved document, owner, approval date, review date, scope, exceptions, and operating evidence. A policy document by itself is not a passing result. Record the test performed, assessor, date, and remediation required.",Control owner,"The requirement is documented but implementation, evidence, or review results are not current."
dfars-cyber-clauses,dfars.7012.covered-information,Implement Safeguard covered defense information,"1. Define the accountable owner and scope for Safeguard covered defense information. 2. Publish the governing policy or procedure. 3. Implement the technical or operational safeguards. 4. Create a saved search or dashboard panel for measurable status where data is available. 5. Review evidence, exceptions, and due dates on a defined cadence.","Review the current approved document and the corresponding implementation evidence or Splunk tracking result. Confirm scope, freshness, exceptions, and owner. A document without operating evidence is not a passing result. Record the test performed, assessor, date, and remediation required.",Control owner,"The requirement is documented but implementation, evidence, or review results are not current."
dfars-cyber-clauses,dfars.7012.incident-reporting,Implement Report cyber incidents,"1. Define the accountable owner and scope for Report cyber incidents. 2. Publish the governing policy or procedure. 3. Implement the technical or operational safeguards. 4. Create a saved search or dashboard panel for measurable status where data is available. 5. Review evidence, exceptions, and due dates on a defined cadence.","Review the current approved document and the corresponding implementation evidence or Splunk tracking result. Confirm scope, freshness, exceptions, and owner. A document without operating evidence is not a passing result. Record the test performed, assessor, date, and remediation required.",Control owner,"The requirement is documented but implementation, evidence, or review results are not current."
dfars-cyber-clauses,dfars.7012.evidence-preservation,Implement Preserve incident evidence,"1. Define the accountable owner and scope for Preserve incident evidence. 2. Publish the governing policy or procedure. 3. Implement the technical or operational safeguards. 4. Create a saved search or dashboard panel for measurable status where data is available. 5. Review evidence, exceptions, and due dates on a defined cadence.","Review the current approved document and the corresponding implementation evidence or Splunk tracking result. Confirm scope, freshness, exceptions, and owner. A document without operating evidence is not a passing result. Record the test performed, assessor, date, and remediation required.",Control owner,"The requirement is documented but implementation, evidence, or review results are not current."
dfars-cyber-clauses,dfars.7019.assessment,Implement Maintain NIST assessment status,"1. Publish the current approved policy or procedure for Maintain NIST assessment status. 2. Assign an accountable owner and review cadence. 3. Define operating steps, scope, exceptions, and required records. 4. Train affected personnel and retain acknowledgement where applicable. 5. Review operating evidence and record remediation for gaps.","Review the approved document, owner, approval date, review date, scope, exceptions, and operating evidence. A policy document by itself is not a passing result. Record the test performed, assessor, date, and remediation required.",Control owner,"The requirement is documented but implementation, evidence, or review results are not current."
dfars-cyber-clauses,dfars.7020.access,Implement Support DoD assessment access,"1. Define the accountable owner and scope for Support DoD assessment access. 2. Publish the governing policy or procedure. 3. Implement the technical or operational safeguards. 4. Create a saved search or dashboard panel for measurable status where data is available. 5. Review evidence, exceptions, and due dates on a defined cadence.","Review the current approved document and the corresponding implementation evidence or Splunk tracking result. Confirm scope, freshness, exceptions, and owner. A document without operating evidence is not a passing result. Record the test performed, assessor, date, and remediation required.",Control owner,"The requirement is documented but implementation, evidence, or review results are not current."
dfars-cyber-clauses,dfars.7020.flowdown,Implement Flow down applicable requirements,"1. Publish the current approved policy or procedure for Flow down applicable requirements. 2. Assign an accountable owner and review cadence. 3. Define operating steps, scope, exceptions, and required records. 4. Train affected personnel and retain acknowledgement where applicable. 5. Review operating evidence and record remediation for gaps.","Review the approved document, owner, approval date, review date, scope, exceptions, and operating evidence. A policy document by itself is not a passing result. Record the test performed, assessor, date, and remediation required.",Control owner,"The requirement is documented but implementation, evidence, or review results are not current."
dfars-cyber-clauses,dfars.7021.cmmc,Implement Determine CMMC applicability,"1. Define the accountable owner and scope for Determine CMMC applicability. 2. Publish the governing policy or procedure. 3. Implement the technical or operational safeguards. 4. Create a saved search or dashboard panel for measurable status where data is available. 5. Review evidence, exceptions, and due dates on a defined cadence.","Review the current approved document and the corresponding implementation evidence or Splunk tracking result. Confirm scope, freshness, exceptions, and owner. A document without operating evidence is not a passing result. Record the test performed, assessor, date, and remediation required.",Control owner,"The requirement is documented but implementation, evidence, or review results are not current."
fisma-rmf,fisma.categorize,Implement Categorize the information system,"1. Publish the current approved policy or procedure for Categorize the information system. 2. Assign an accountable owner and review cadence. 3. Define operating steps, scope, exceptions, and required records. 4. Train affected personnel and retain acknowledgement where applicable. 5. Review operating evidence and record remediation for gaps.","Review the approved document, owner, approval date, review date, scope, exceptions, and operating evidence. A policy document by itself is not a passing result. Record the test performed, assessor, date, and remediation required.",Control owner,"The requirement is documented but implementation, evidence, or review results are not current."
fisma-rmf,fisma.select,Implement Select and tailor controls,"1. Publish the current approved policy or procedure for Select and tailor controls. 2. Assign an accountable owner and review cadence. 3. Define operating steps, scope, exceptions, and required records. 4. Train affected personnel and retain acknowledgement where applicable. 5. Review operating evidence and record remediation for gaps.","Review the approved document, owner, approval date, review date, scope, exceptions, and operating evidence. A policy document by itself is not a passing result. Record the test performed, assessor, date, and remediation required.",Control owner,"The requirement is documented but implementation, evidence, or review results are not current."
fisma-rmf,fisma.implement,Implement Implement controls,"1. Define the accountable owner and scope for Implement controls. 2. Publish the governing policy or procedure. 3. Implement the technical or operational safeguards. 4. Create a saved search or dashboard panel for measurable status where data is available. 5. Review evidence, exceptions, and due dates on a defined cadence.","Review the current approved document and the corresponding implementation evidence or Splunk tracking result. Confirm scope, freshness, exceptions, and owner. A document without operating evidence is not a passing result. Record the test performed, assessor, date, and remediation required.",Control owner,"The requirement is documented but implementation, evidence, or review results are not current."
fisma-rmf,fisma.assess,Implement Assess control effectiveness,"1. Define the accountable owner and scope for Assess control effectiveness. 2. Publish the governing policy or procedure. 3. Implement the technical or operational safeguards. 4. Create a saved search or dashboard panel for measurable status where data is available. 5. Review evidence, exceptions, and due dates on a defined cadence.","Review the current approved document and the corresponding implementation evidence or Splunk tracking result. Confirm scope, freshness, exceptions, and owner. A document without operating evidence is not a passing result. Record the test performed, assessor, date, and remediation required.",Control owner,"The requirement is documented but implementation, evidence, or review results are not current."
fisma-rmf,fisma.authorize,Implement Authorize the system,"1. Publish the current approved policy or procedure for Authorize the system. 2. Assign an accountable owner and review cadence. 3. Define operating steps, scope, exceptions, and required records. 4. Train affected personnel and retain acknowledgement where applicable. 5. Review operating evidence and record remediation for gaps.","Review the approved document, owner, approval date, review date, scope, exceptions, and operating evidence. A policy document by itself is not a passing result. Record the test performed, assessor, date, and remediation required.",Control owner,"The requirement is documented but implementation, evidence, or review results are not current."
fisma-rmf,fisma.monitor,Implement Continuous monitoring,1. Define the in-scope systems and success threshold for Continuous monitoring. 2. Connect the required telemetry or inventory data. 3. Create a saved search or dashboard panel that shows current status and exceptions. 4. Assign an owner for uncovered items. 5. Review the result on a defined cadence and retain the output as evidence.,"Open the linked tracking view or saved search, confirm the time window and scope, inspect exceptions, and retain the result with its run date. Record the test performed, assessor, date, and remediation required.",Control owner,"The requirement is documented but implementation, evidence, or review results are not current."
fisma-rmf,fisma.poam,Implement Track remediation and risk,"1. Define the accountable owner and scope for Track remediation and risk. 2. Publish the governing policy or procedure. 3. Implement the technical or operational safeguards. 4. Create a saved search or dashboard panel for measurable status where data is available. 5. Review evidence, exceptions, and due dates on a defined cadence.","Review the current approved document and the corresponding implementation evidence or Splunk tracking result. Confirm scope, freshness, exceptions, and owner. A document without operating evidence is not a passing result. Record the test performed, assessor, date, and remediation required.",Control owner,"The requirement is documented but implementation, evidence, or review results are not current."
fisma-rmf,fisma.report,Implement Report security status,"1. Define the accountable owner and scope for Report security status. 2. Publish the governing policy or procedure. 3. Implement the technical or operational safeguards. 4. Create a saved search or dashboard panel for measurable status where data is available. 5. Review evidence, exceptions, and due dates on a defined cadence.","Review the current approved document and the corresponding implementation evidence or Splunk tracking result. Confirm scope, freshness, exceptions, and owner. A document without operating evidence is not a passing result. Record the test performed, assessor, date, and remediation required.",Control owner,"The requirement is documented but implementation, evidence, or review results are not current."
nist-sp-800-171r3,800171r3.access-control,Implement Access Control,"1. Define the accountable owner and scope for Access Control. 2. Publish the governing policy or procedure. 3. Implement the technical or operational safeguards. 4. Create a saved search or dashboard panel for measurable status where data is available. 5. Review evidence, exceptions, and due dates on a defined cadence.","Review the current approved document and the corresponding implementation evidence or Splunk tracking result. Confirm scope, freshness, exceptions, and owner. A document without operating evidence is not a passing result. Record the test performed, assessor, date, and remediation required.",Control owner,"The requirement is documented but implementation, evidence, or review results are not current."
nist-sp-800-171r3,800171r3.awareness-training,Implement Awareness and Training,"1. Publish the current approved policy or procedure for Awareness and Training. 2. Assign an accountable owner and review cadence. 3. Define operating steps, scope, exceptions, and required records. 4. Train affected personnel and retain acknowledgement where applicable. 5. Review operating evidence and record remediation for gaps.","Review the approved document, owner, approval date, review date, scope, exceptions, and operating evidence. A policy document by itself is not a passing result. Record the test performed, assessor, date, and remediation required.",Control owner,"The requirement is documented but implementation, evidence, or review results are not current."
nist-sp-800-171r3,800171r3.audit-accountability,Implement Audit and Accountability,1. Define the in-scope systems and success threshold for Audit and Accountability. 2. Connect the required telemetry or inventory data. 3. Create a saved search or dashboard panel that shows current status and exceptions. 4. Assign an owner for uncovered items. 5. Review the result on a defined cadence and retain the output as evidence.,"Open the linked tracking view or saved search, confirm the time window and scope, inspect exceptions, and retain the result with its run date. Record the test performed, assessor, date, and remediation required.",Control owner,"The requirement is documented but implementation, evidence, or review results are not current."
nist-sp-800-171r3,800171r3.configuration-management,Implement Configuration Management,"1. Define the accountable owner and scope for Configuration Management. 2. Publish the governing policy or procedure. 3. Implement the technical or operational safeguards. 4. Create a saved search or dashboard panel for measurable status where data is available. 5. Review evidence, exceptions, and due dates on a defined cadence.","Review the current approved document and the corresponding implementation evidence or Splunk tracking result. Confirm scope, freshness, exceptions, and owner. A document without operating evidence is not a passing result. Record the test performed, assessor, date, and remediation required.",Control owner,"The requirement is documented but implementation, evidence, or review results are not current."
nist-sp-800-171r3,800171r3.identification-authentication,Implement Identification and Authentication,1. Define the in-scope systems and success threshold for Identification and Authentication. 2. Connect the required telemetry or inventory data. 3. Create a saved search or dashboard panel that shows current status and exceptions. 4. Assign an owner for uncovered items. 5. Review the result on a defined cadence and retain the output as evidence.,"Open the linked tracking view or saved search, confirm the time window and scope, inspect exceptions, and retain the result with its run date. Record the test performed, assessor, date, and remediation required.",Control owner,"The requirement is documented but implementation, evidence, or review results are not current."
nist-sp-800-171r3,800171r3.incident-response,Implement Incident Response,"1. Define the accountable owner and scope for Incident Response. 2. Publish the governing policy or procedure. 3. Implement the technical or operational safeguards. 4. Create a saved search or dashboard panel for measurable status where data is available. 5. Review evidence, exceptions, and due dates on a defined cadence.","Review the current approved document and the corresponding implementation evidence or Splunk tracking result. Confirm scope, freshness, exceptions, and owner. A document without operating evidence is not a passing result. Record the test performed, assessor, date, and remediation required.",Control owner,"The requirement is documented but implementation, evidence, or review results are not current."
nist-sp-800-171r3,800171r3.media-protection,Implement Media Protection,"1. Publish the current approved policy or procedure for Media Protection. 2. Assign an accountable owner and review cadence. 3. Define operating steps, scope, exceptions, and required records. 4. Train affected personnel and retain acknowledgement where applicable. 5. Review operating evidence and record remediation for gaps.","Review the approved document, owner, approval date, review date, scope, exceptions, and operating evidence. A policy document by itself is not a passing result. Record the test performed, assessor, date, and remediation required.",Control owner,"The requirement is documented but implementation, evidence, or review results are not current."
nist-sp-800-171r3,800171r3.physical-protection,Implement Physical Protection,"1. Define the accountable owner and scope for Physical Protection. 2. Publish the governing policy or procedure. 3. Implement the technical or operational safeguards. 4. Create a saved search or dashboard panel for measurable status where data is available. 5. Review evidence, exceptions, and due dates on a defined cadence.","Review the current approved document and the corresponding implementation evidence or Splunk tracking result. Confirm scope, freshness, exceptions, and owner. A document without operating evidence is not a passing result. Record the test performed, assessor, date, and remediation required.",Control owner,"The requirement is documented but implementation, evidence, or review results are not current."
nist-sp-800-171r3,800171r3.system-communications,Implement System and Communications Protection,"1. Define the accountable owner and scope for System and Communications Protection. 2. Publish the governing policy or procedure. 3. Implement the technical or operational safeguards. 4. Create a saved search or dashboard panel for measurable status where data is available. 5. Review evidence, exceptions, and due dates on a defined cadence.","Review the current approved document and the corresponding implementation evidence or Splunk tracking result. Confirm scope, freshness, exceptions, and owner. A document without operating evidence is not a passing result. Record the test performed, assessor, date, and remediation required.",Control owner,"The requirement is documented but implementation, evidence, or review results are not current."
nist-sp-800-171r3,800171r3.system-integrity,Implement System and Information Integrity,1. Define the in-scope systems and success threshold for System and Information Integrity. 2. Connect the required telemetry or inventory data. 3. Create a saved search or dashboard panel that shows current status and exceptions. 4. Assign an owner for uncovered items. 5. Review the result on a defined cadence and retain the output as evidence.,"Open the linked tracking view or saved search, confirm the time window and scope, inspect exceptions, and retain the result with its run date. Record the test performed, assessor, date, and remediation required.",Control owner,"The requirement is documented but implementation, evidence, or review results are not current."
nist-sp-800-171r3,800171r3.planning,Implement Planning,"1. Publish the current approved policy or procedure for Planning. 2. Assign an accountable owner and review cadence. 3. Define operating steps, scope, exceptions, and required records. 4. Train affected personnel and retain acknowledgement where applicable. 5. Review operating evidence and record remediation for gaps.","Review the approved document, owner, approval date, review date, scope, exceptions, and operating evidence. A policy document by itself is not a passing result. Record the test performed, assessor, date, and remediation required.",Control owner,"The requirement is documented but implementation, evidence, or review results are not current."
nist-sp-800-171r3,800171r3.risk-assessment,Implement Risk Assessment,"1. Publish the current approved policy or procedure for Risk Assessment. 2. Assign an accountable owner and review cadence. 3. Define operating steps, scope, exceptions, and required records. 4. Train affected personnel and retain acknowledgement where applicable. 5. Review operating evidence and record remediation for gaps.","Review the approved document, owner, approval date, review date, scope, exceptions, and operating evidence. A policy document by itself is not a passing result. Record the test performed, assessor, date, and remediation required.",Control owner,"The requirement is documented but implementation, evidence, or review results are not current."
nist-sp-800-171r3,800171r3.security-assessment,Implement Security Assessment and Monitoring,"1. Define the accountable owner and scope for Security Assessment and Monitoring. 2. Publish the governing policy or procedure. 3. Implement the technical or operational safeguards. 4. Create a saved search or dashboard panel for measurable status where data is available. 5. Review evidence, exceptions, and due dates on a defined cadence.","Review the current approved document and the corresponding implementation evidence or Splunk tracking result. Confirm scope, freshness, exceptions, and owner. A document without operating evidence is not a passing result. Record the test performed, assessor, date, and remediation required.",Control owner,"The requirement is documented but implementation, evidence, or review results are not current."
nist-sp-800-171r3,800171r3.supply-chain,Implement Supply Chain Risk Management,"1. Publish the current approved policy or procedure for Supply Chain Risk Management. 2. Assign an accountable owner and review cadence. 3. Define operating steps, scope, exceptions, and required records. 4. Train affected personnel and retain acknowledgement where applicable. 5. Review operating evidence and record remediation for gaps.","Review the approved document, owner, approval date, review date, scope, exceptions, and operating evidence. A policy document by itself is not a passing result. Record the test performed, assessor, date, and remediation required.",Control owner,"The requirement is documented but implementation, evidence, or review results are not current."
