check_key,display_name,measurement_key,adapter_key,evidence_type,search,expected_value,limitations
splunk.index_retention,Index retention configuration,index_retention_configuration,splunk.index_retention,index_retention,"| rest /services/data/indexes splunk_server=local | search disabled=0 NOT title=""_*"" | eval retention_days=round(frozenTimePeriodInSecs/86400,1), target_days=180 | stats count as total_indexes count(eval(retention_days>=target_days)) as meeting_target min(retention_days) as minimum_retention | eval status=case(total_indexes=0,""Not assessed"",meeting_target=total_indexes,""Pass"",meeting_target>0,""Partial"",1=1,""Fail""), observed=meeting_target."" of "".total_indexes."" active indexes meet the 180-day retrieval target"", expected=""All active non-internal indexes meet 180 days"", details=""Minimum configured retention: "".coalesce(minimum_retention,""not measured"")."" days"" | table status observed expected details",All active non-internal indexes meet 180 days,Configured retention does not prove historical searchability or a successful restore test. The 180-day target is the default level-1 retrieval target; select the applicable maturity target before using this as an audit conclusion.
splunk.recent_index_activity,Recent indexed activity,recent_index_activity,splunk.recent_index_activity,recent_index_activity,"| tstats summariesonly=false count where index=* earliest=-24h latest=now by index | stats dc(index) as indexes_with_events sum(count) as events | eval status=case(indexes_with_events>0,""Pass"",1=1,""Not assessed""), observed=indexes_with_events."" indexes received "".events."" events in the last 24 hours"", expected=""At least one in-scope index has recent activity"", details=""24-hour activity signal only"" | table status observed expected details",At least one in-scope index has recent activity,"Recent activity does not prove complete source coverage, source freshness, or retention."
splunk.host_metadata,Splunk host metadata inventory,cim_endpoint_inventory,splunk.host_metadata,asset_inventory,"| metadata type=hosts index=* | stats dc(host) as hosts | eval status=case(hosts>0,""Pass"",1=1,""Not assessed""), observed=hosts."" hosts observed in Splunk metadata"", expected=""At least one host is observed"", details=""Host metadata is an observed inventory signal"" | table status observed expected details",At least one host is observed,"Host metadata is an observed inventory signal, not an authoritative system boundary or complete endpoint inventory."
splunk.exposure_analytics,Exposure Analytics inventory,exposure_analytics_inventory,splunk.exposure_analytics,asset_inventory,"index=ea_discovery earliest=-24h latest=now | stats count as events dc(ip_key) as ip_assets dc(nt_host) as host_assets dc(mac) as mac_assets dc(user_key) as user_assets | eval status=case(events>0,""Pass"",1=1,""Not assessed""), observed=events."" recent discovery events; hosts="".host_assets."", ip="".ip_assets."", mac="".mac_assets."", users="".user_assets, expected=""Exposure Analytics produces recent discovery data"", details=""24-hour discovery signal"" | table status observed expected details",Exposure Analytics produces recent discovery data,Coverage depends on Exposure Analytics discovery jobs and the approved system boundary. Recent records do not prove all asset classes are represented.
splunk.exposure_analytics_freshness,Exposure Analytics source freshness,exposure_analytics_inventory,splunk.exposure_analytics_freshness,searchability_check,"index=ea_discovery earliest=-24h latest=now | stats count as events latest(_time) as latest_event | eval age_minutes=round((now()-latest_event)/60,1), status=case(events=0,""Not assessed"",age_minutes<=1440,""Pass"",1=1,""Fail""), observed=events."" events; latest event "".age_minutes."" minutes ago"", expected=""Discovery data is no more than 24 hours old"", details=""Freshness is measured against the latest event"" | table status observed expected details",Discovery data is no more than 24 hours old,Fresh records do not prove that all expected asset classes or systems are represented.
splunk.authentication_activity,Authentication monitoring activity,authentication_monitoring,splunk.authentication_activity,monitoring_activity,"| tstats summariesonly=false count where index=* earliest=-24h latest=now by sourcetype | search sourcetype=*auth* OR sourcetype=*login* OR sourcetype=*authentication* | stats sum(count) as events dc(sourcetype) as sources | eval status=case(events>0,""Pass"",1=1,""Not assessed""), observed=events."" authentication events from "".sources."" source types in the last 24 hours"", expected=""Authentication activity is searchable and monitored"", details=""24-hour signal only; tune sourcetypes to the approved boundary"" | table status observed expected details",Authentication activity is searchable and monitored,"The generic sourcetype filter is a discovery signal and does not prove complete identity, MFA, or privileged-account coverage."
splunk.detection_activity,Detection and alert monitoring activity,detection_monitoring,splunk.detection_activity,monitoring_activity,"| tstats summariesonly=false count where index=* earliest=-24h latest=now by sourcetype | search sourcetype=*alert* OR sourcetype=*notable* OR sourcetype=*detection* OR sourcetype=*risk* | stats sum(count) as events dc(sourcetype) as sources | eval status=case(events>0,""Pass"",1=1,""Not assessed""), observed=events."" detection-related events from "".sources."" source types in the last 24 hours"", expected=""Detection or alert activity is searchable"", details=""24-hour signal only; validate coverage against the approved detection inventory"" | table status observed expected details",Detection or alert activity is searchable,"Event activity does not prove that required detections exist, are tuned, or are reviewed within the required response window."
splunk.privileged_activity,Privileged activity monitoring,privileged_activity_monitoring,splunk.privileged_activity,monitoring_activity,"| tstats summariesonly=false count where index=* earliest=-24h latest=now by sourcetype | search sourcetype=*audit* OR sourcetype=*admin* OR sourcetype=*sudo* OR sourcetype=*privilege* | stats sum(count) as events dc(sourcetype) as sources | eval status=case(events>0,""Pass"",1=1,""Not assessed""), observed=events."" privileged or audit events from "".sources."" source types in the last 24 hours"", expected=""Privileged activity is searchable and monitored"", details=""24-hour signal only; validate account and command coverage"" | table status observed expected details",Privileged activity is searchable and monitored,"Generic sourcetype discovery does not prove that all privileged identities, commands, or administrative systems are covered."
splunk.vulnerability_activity,Vulnerability monitoring activity,vulnerability_monitoring,splunk.vulnerability_activity,monitoring_activity,"| tstats summariesonly=false count where index=* earliest=-24h latest=now by sourcetype | search sourcetype=*vuln* OR sourcetype=*nessus* OR sourcetype=*qualys* OR sourcetype=*tenable* | stats sum(count) as events dc(sourcetype) as sources | eval status=case(events>0,""Pass"",1=1,""Not assessed""), observed=events."" vulnerability events from "".sources."" source types in the last 24 hours"", expected=""Vulnerability monitoring data is searchable"", details=""24-hour signal only; validate scan cadence and asset denominator"" | table status observed expected details",Vulnerability monitoring data is searchable,"Recent vulnerability events do not prove scan completeness, remediation timeliness, or an authoritative asset denominator."
